ordem_chegada,setor
1,1261960
2,689984
3,64968
4,994448
5,1603288
6,1867480
7,349528
8,968120
9,415624
10,722632
11,1913536
12,1331304
13,140544
14,1561288
15,1629256
16,1040136
17,47272
18,448320
19,1933696
20,1350016
21,1653904
22,169880
23,1061512
24,749616
25,478432
26,1978192
27,1383664
28,792632
29,197520
30,1703504
31,1121120
32,1736912
33,1133936
34,232664
35,553800
36,847248
37,1428072
38,2008512
39,0
40,494056
41,1458928
42,854608
43,286384
44,1771728
45,1160664
46,584152
47,1509152
48,1251800
49,296120
50,891896
