ordem,setor_chegada,setor_despacho
1,1261960,0
2,689984,47272
3,64968,64968
4,994448,140544
5,1603288,169880
6,1867480,197520
7,349528,232664
8,968120,286384
9,415624,296120
10,722632,349528
11,1913536,415624
12,1331304,448320
13,140544,478432
14,1561288,494056
15,1629256,553800
16,1040136,584152
17,47272,689984
18,448320,722632
19,1933696,749616
20,1350016,792632
21,1653904,847248
22,169880,854608
23,1061512,891896
24,749616,968120
25,478432,994448
26,1978192,1040136
27,1383664,1061512
28,792632,1121120
29,197520,1133936
30,1703504,1160664
31,1121120,1251800
32,1736912,1261960
33,1133936,1331304
34,232664,1350016
35,553800,1383664
36,847248,1428072
37,1428072,1458928
38,2008512,1509152
39,0,1561288
40,494056,1603288
41,1458928,1629256
42,854608,1653904
43,286384,1703504
44,1771728,1736912
45,1160664,1771728
46,584152,1867480
47,1509152,1913536
48,1251800,1933696
49,296120,1978192
50,891896,2008512
